{
  "model_type": "Linear Regression",
  "features": [
    "energy_kcal_100g",
    "sugars_100g",
    "saturated_fat_100g",
    "sodium_mg_100g",
    "fiber_100g",
    "proteins_100g"
  ],
  "metrics": {
    "train_mae": 0.41758947452719736,
    "test_mae": 0.4167067166043747,
    "train_rmse": 0.5741060174729523,
    "test_rmse": 0.5726366645710406,
    "train_r2": 0.7415366880094691,
    "test_r2": 0.7426242245006336,
    "test_mape": 6.667730017608813
  },
  "training_samples": 241215,
  "test_samples": 60304,
  "target_range": [
    2.5,
    9.2
  ],
  "target_mean": 6.70469920635184,
  "target_std": 1.1291559856170164
}